Genre,GenreImage,Show1,Image1,imdb,Show2,Image2,imdb,Show3,Image3,imdb
Action,https://upload.wikimedia.org/wikipedia/commons/thumb/5/51/A_farmhouse_at_Stow_Green%2C_nr_Horbling_Lincolnshire%2C_England.JPG/1280px-A_farmhouse_at_Stow_Green%2C_nr_Horbling_Lincolnshire%2C_England.JPG,Rain of Bones,https://upload.wikimedia.org/wikipedia/commons/9/9b/-BLMcareers_%%2821857337562%29.jpg,7.4/10,Mane of Thrones,https://upload.wikimedia.org/wikipedia/commons/9/9b/-BLMcareers_%%2821857337562%29.jpg,5.0/10,Rain of Hoes,https://commons.wikimedia.org/wiki/Category:Images_-_landscape_aspect_ratio#/media/File:Braess1.png,4.6/10
Adventure,https://upload.wikimedia.org/wikipedia/commons/9/9b/-BLMcareers_%%2821857337562%29.jpg,Fame of Thrones,https://upload.wikimedia.org/wikipedia/commons/thumb/4/4f/1929_Singer_Six_at_Capel_Manor%2C_Enfield%2C_London%2C_England_1.jpg/1280px-1929_Singer_Six_at_Capel_Manor%2C_Enfield%2C_London%2C_England_1.jpg,2.0/10,Same of Stones,https://upload.wikimedia.org/wikipedia/commons/9/9b/-BLMcareers_%%2821857337562%29.jpg,5.1/10,Same of Moans,https://upload.wikimedia.org/wikipedia/commons/thumb/5/51/A_farmhouse_at_Stow_Green%2C_nr_Horbling_Lincolnshire%2C_England.JPG/1280px-A_farmhouse_at_Stow_Green%2C_nr_Horbling_Lincolnshire%2C_England.JPG,4.5/10
Comedy,https://upload.wikimedia.org/wikipedia/commons/thumb/5/51/A_farmhouse_at_Stow_Green%2C_nr_Horbling_Lincolnshire%2C_England.JPG/1280px-A_farmhouse_at_Stow_Green%2C_nr_Horbling_Lincolnshire%2C_England.JPG,Same of Moans,https://commons.wikimedia.org/wiki/Category:Images_-_landscape_aspect_ratio#/media/File:Braess1.png,2.8/10,Game of Thrones,https://upload.wikimedia.org/wikipedia/commons/9/9b/-BLMcareers_%%2821857337562%29.jpg,3.1/10,Same of Bones,https://upload.wikimedia.org/wikipedia/commons/thumb/5/51/A_farmhouse_at_Stow_Green%2C_nr_Horbling_Lincolnshire%2C_England.JPG/1280px-A_farmhouse_at_Stow_Green%2C_nr_Horbling_Lincolnshire%2C_England.JPG,4.4/10
Crime,https://upload.wikimedia.org/wikipedia/commons/thumb/4/4f/1929_Singer_Six_at_Capel_Manor%2C_Enfield%2C_London%2C_England_1.jpg/1280px-1929_Singer_Six_at_Capel_Manor%2C_Enfield%2C_London%2C_England_1.jpg,Pain of Stones,https://upload.wikimedia.org/wikipedia/commons/thumb/5/51/A_farmhouse_at_Stow_Green%2C_nr_Horbling_Lincolnshire%2C_England.JPG/1280px-A_farmhouse_at_Stow_Green%2C_nr_Horbling_Lincolnshire%2C_England.JPG,9.9/10,Pain of Prones,https://upload.wikimedia.org/wikipedia/commons/9/9b/-BLMcareers_%%2821857337562%29.jpg,1.7/10,Same of Stones,https://upload.wikimedia.org/wikipedia/commons/9/9b/-BLMcareers_%%2821857337562%29.jpg,3.6/10
Drama,https://upload.wikimedia.org/wikipedia/commons/9/9b/-BLMcareers_%%2821857337562%29.jpg,Mane of Prones,https://commons.wikimedia.org/wiki/Category:Images_-_landscape_aspect_ratio#/media/File:Braess1.png,8.7/10,Game of Moans,https://upload.wikimedia.org/wikipedia/commons/thumb/4/4f/1929_Singer_Six_at_Capel_Manor%2C_Enfield%2C_London%2C_England_1.jpg/1280px-1929_Singer_Six_at_Capel_Manor%2C_Enfield%2C_London%2C_England_1.jpg,0.3/10,Fame of Bones,https://upload.wikimedia.org/wikipedia/commons/9/9b/-BLMcareers_%%2821857337562%29.jpg,2.7/10
Fantasy,https://upload.wikimedia.org/wikipedia/commons/9/9b/-BLMcareers_%%2821857337562%29.jpg,Same of Bones,https://upload.wikimedia.org/wikipedia/commons/thumb/5/51/A_farmhouse_at_Stow_Green%2C_nr_Horbling_Lincolnshire%2C_England.JPG/1280px-A_farmhouse_at_Stow_Green%2C_nr_Horbling_Lincolnshire%2C_England.JPG,2.4/10,Chain of Moans,https://upload.wikimedia.org/wikipedia/commons/thumb/5/51/A_farmhouse_at_Stow_Green%2C_nr_Horbling_Lincolnshire%2C_England.JPG/1280px-A_farmhouse_at_Stow_Green%2C_nr_Horbling_Lincolnshire%2C_England.JPG,4.6/10,Rain of Thrones,https://upload.wikimedia.org/wikipedia/commons/9/9b/-BLMcareers_%%2821857337562%29.jpg,5.3/10
Historical,https://upload.wikimedia.org/wikipedia/commons/thumb/5/51/A_farmhouse_at_Stow_Green%2C_nr_Horbling_Lincolnshire%2C_England.JPG/1280px-A_farmhouse_at_Stow_Green%2C_nr_Horbling_Lincolnshire%2C_England.JPG,Mane of Thrones,https://upload.wikimedia.org/wikipedia/commons/thumb/5/51/A_farmhouse_at_Stow_Green%2C_nr_Horbling_Lincolnshire%2C_England.JPG/1280px-A_farmhouse_at_Stow_Green%2C_nr_Horbling_Lincolnshire%2C_England.JPG,7.7/10,Chain of Homes,https://commons.wikimedia.org/wiki/Category:Images_-_landscape_aspect_ratio#/media/File:Braess1.png,7.3/10,Game of Melons,https://upload.wikimedia.org/wikipedia/commons/thumb/4/4f/1929_Singer_Six_at_Capel_Manor%2C_Enfield%2C_London%2C_England_1.jpg/1280px-1929_Singer_Six_at_Capel_Manor%2C_Enfield%2C_London%2C_England_1.jpg,3.7/10
Horror,https://commons.wikimedia.org/wiki/Category:Images_-_landscape_aspect_ratio#/media/File:Braess1.png,Fame of Thrones,https://upload.wikimedia.org/wikipedia/commons/thumb/5/51/A_farmhouse_at_Stow_Green%2C_nr_Horbling_Lincolnshire%2C_England.JPG/1280px-A_farmhouse_at_Stow_Green%2C_nr_Horbling_Lincolnshire%2C_England.JPG,3.6/10,Pain of Hoes,https://upload.wikimedia.org/wikipedia/commons/thumb/5/51/A_farmhouse_at_Stow_Green%2C_nr_Horbling_Lincolnshire%2C_England.JPG/1280px-A_farmhouse_at_Stow_Green%2C_nr_Horbling_Lincolnshire%2C_England.JPG,1.4/10,Fame of Thrones,https://upload.wikimedia.org/wikipedia/commons/thumb/4/4f/1929_Singer_Six_at_Capel_Manor%2C_Enfield%2C_London%2C_England_1.jpg/1280px-1929_Singer_Six_at_Capel_Manor%2C_Enfield%2C_London%2C_England_1.jpg,1.8/10
Mystery,https://upload.wikimedia.org/wikipedia/commons/9/9b/-BLMcareers_%%2821857337562%29.jpg,Chain of Bones,https://upload.wikimedia.org/wikipedia/commons/thumb/5/51/A_farmhouse_at_Stow_Green%2C_nr_Horbling_Lincolnshire%2C_England.JPG/1280px-A_farmhouse_at_Stow_Green%2C_nr_Horbling_Lincolnshire%2C_England.JPG,8.5/10,Same of Moans,https://commons.wikimedia.org/wiki/Category:Images_-_landscape_aspect_ratio#/media/File:Braess1.png,1.0/10,Fame of Moans,https://commons.wikimedia.org/wiki/Category:Images_-_landscape_aspect_ratio#/media/File:Braess1.png,7.3/10
Political,https://upload.wikimedia.org/wikipedia/commons/9/9b/-BLMcareers_%%2821857337562%29.jpg,Pain of Moans,https://upload.wikimedia.org/wikipedia/commons/9/9b/-BLMcareers_%%2821857337562%29.jpg,5.6/10,Rain of Prones,https://upload.wikimedia.org/wikipedia/commons/thumb/5/51/A_farmhouse_at_Stow_Green%2C_nr_Horbling_Lincolnshire%2C_England.JPG/1280px-A_farmhouse_at_Stow_Green%2C_nr_Horbling_Lincolnshire%2C_England.JPG,1.6/10,Game of Thrones,https://upload.wikimedia.org/wikipedia/commons/9/9b/-BLMcareers_%%2821857337562%29.jpg,6.7/10
Romance,https://upload.wikimedia.org/wikipedia/commons/thumb/5/51/A_farmhouse_at_Stow_Green%2C_nr_Horbling_Lincolnshire%2C_England.JPG/1280px-A_farmhouse_at_Stow_Green%2C_nr_Horbling_Lincolnshire%2C_England.JPG,Mane of Moans,https://upload.wikimedia.org/wikipedia/commons/9/9b/-BLMcareers_%%2821857337562%29.jpg,2.9/10,Game of Stones,https://upload.wikimedia.org/wikipedia/commons/thumb/4/4f/1929_Singer_Six_at_Capel_Manor%2C_Enfield%2C_London%2C_England_1.jpg/1280px-1929_Singer_Six_at_Capel_Manor%2C_Enfield%2C_London%2C_England_1.jpg,3.9/10,Rain of Bones,https://upload.wikimedia.org/wikipedia/commons/thumb/4/4f/1929_Singer_Six_at_Capel_Manor%2C_Enfield%2C_London%2C_England_1.jpg/1280px-1929_Singer_Six_at_Capel_Manor%2C_Enfield%2C_London%2C_England_1.jpg,4.6/10
Satire,https://upload.wikimedia.org/wikipedia/commons/thumb/5/51/A_farmhouse_at_Stow_Green%2C_nr_Horbling_Lincolnshire%2C_England.JPG/1280px-A_farmhouse_at_Stow_Green%2C_nr_Horbling_Lincolnshire%2C_England.JPG,Chain of Thrones,https://upload.wikimedia.org/wikipedia/commons/9/9b/-BLMcareers_%%2821857337562%29.jpg,7.8/10,Game of Thrones,https://upload.wikimedia.org/wikipedia/commons/9/9b/-BLMcareers_%%2821857337562%29.jpg,8.9/10,Pain of Homes,https://upload.wikimedia.org/wikipedia/commons/thumb/5/51/A_farmhouse_at_Stow_Green%2C_nr_Horbling_Lincolnshire%2C_England.JPG/1280px-A_farmhouse_at_Stow_Green%2C_nr_Horbling_Lincolnshire%2C_England.JPG,7.8/10
Science-Fiction,https://upload.wikimedia.org/wikipedia/commons/thumb/4/4f/1929_Singer_Six_at_Capel_Manor%2C_Enfield%2C_London%2C_England_1.jpg/1280px-1929_Singer_Six_at_Capel_Manor%2C_Enfield%2C_London%2C_England_1.jpg,Game of Thrones,https://upload.wikimedia.org/wikipedia/commons/9/9b/-BLMcareers_%%2821857337562%29.jpg,6.6/10,Same of Thrones,https://commons.wikimedia.org/wiki/Category:Images_-_landscape_aspect_ratio#/media/File:Braess1.png,8.7/10,Mane of Homes,https://upload.wikimedia.org/wikipedia/commons/thumb/4/4f/1929_Singer_Six_at_Capel_Manor%2C_Enfield%2C_London%2C_England_1.jpg/1280px-1929_Singer_Six_at_Capel_Manor%2C_Enfield%2C_London%2C_England_1.jpg,9.8/10
Thriller,https://upload.wikimedia.org/wikipedia/commons/thumb/5/51/A_farmhouse_at_Stow_Green%2C_nr_Horbling_Lincolnshire%2C_England.JPG/1280px-A_farmhouse_at_Stow_Green%2C_nr_Horbling_Lincolnshire%2C_England.JPG,Rain of Hoes,https://commons.wikimedia.org/wiki/Category:Images_-_landscape_aspect_ratio#/media/File:Braess1.png,8.5/10,Fame of Hoes,https://upload.wikimedia.org/wikipedia/commons/9/9b/-BLMcareers_%%2821857337562%29.jpg,4.5/10,Pain of Prones,https://commons.wikimedia.org/wiki/Category:Images_-_landscape_aspect_ratio#/media/File:Braess1.png,0.6/10
